epoch,step,train_loss
0,49,0.2800675630569458
0,99,0.22255226969718933
0,149,0.22176715731620789
0,199,0.19127926230430603
0,249,0.3169369399547577
0,299,0.2879487872123718
